CUS_ID,DWELL_TM,PAGEVIEWS,VSITES,VDAYS,SCH_KEYWORDS,BIRTH,GENDER,JOB,LOCATION
1,357978,13656,201,205,399,1966,남자,무직/기타,충청
2,836048,25498,573,105,1346,1986,여자,방송/예술/스포츠,서울
3,388378,10413,270,105,329,1987,여자,자영업,경기
4,275572,12831,166,107,134,1983,남자,서비스,광주
5,501922,13267,328,151,511,1968,남자,사무관리직,경기
6,56543,1972,85,79,62,1965,남자,사무관리직,경상
7,573113,20063,228,243,87,1972,여자,자영업,부산
8,101640,5871,316,173,108,1980,남자,영업/마케팅,인천
9,535910,22054,438,255,464,1966,남자,자영업,울산
10,1222047,43544,236,116,290,1977,남자,영업/마케팅,서울
11,90562,5582,450,123,82,1973,남자,영업/마케팅,부산
12,68144,4376,68,113,12,1966,남자,사무관리직,경상
13,426988,10672,129,153,84,1957,남자,자영업,경기
14,644274,21572,218,100,658,1988,여자,사무관리직,서울
15,595743,25967,330,174,656,1984,여자,사무관리직,인천
16,90895,3532,159,100,469,1976,여자,사무관리직,경기
17,172435,7284,175,101,45,1974,남자,자영업,대전
18,518476,11597,250,201,193,1934,남자,무직/기타,경기
19,329314,12087,260,101,242,1979,남자,의료,부산
20,125222,7163,247,123,195,1977,남자,영업/마케팅,부산
21,102183,3400,83,119,29,1958,여자,사무관리직,서울
22,302502,12772,241,111,309,1985,여자,서비스,경기
23,489285,23935,793,119,956,1980,여자,교육직,부산
24,421206,12917,197,130,212,1952,남자,서비스,서울
25,385731,36266,345,206,2374,1975,남자,영업/마케팅,인천
26,530405,16921,316,111,2911,1973,남자,영업/마케팅,인천
27,546656,21490,428,139,960,1986,여자,영업/마케팅,서울
28,592353,23327,580,127,1673,1975,남자,사무관리직,경기
29,110400,4760,201,100,63,1984,남자,의료,충청
30,689042,17056,286,112,229,1952,남자,사무관리직,전라
31,631398,33939,377,201,1825,1973,남자,사무관리직,부산
32,1181614,36883,380,108,840,1982,여자,사무관리직,서울
33,394670,17793,302,107,309,1983,남자,사무관리직,서울
34,609035,16023,369,159,1100,1959,여자,사무관리직,서울
35,310133,8351,181,146,68,1957,여자,무직/기타,서울
36,168645,7841,142,111,219,1982,여자,자영업,인천
37,277287,11551,296,121,627,1979,여자,영업/마케팅,경기
38,631127,22471,367,113,1107,1973,남자,연구직,제주
39,411570,17924,383,113,913,1982,여자,사무관리직,서울
40,90190,3547,97,99,29,1971,여자,교육직,경상
41,191321,6525,195,172,368,1978,남자,사무관리직,인천
42,1144046,50656,573,208,1137,1971,남자,교육직,경기
43,266818,8588,233,110,230,1960,남자,사무관리직,경기
44,1045934,57413,283,173,571,1979,여자,디자인직,서울
45,127751,6015,140,122,42,1972,여자,사무관리직,서울
46,224311,45204,9,245,3,1974,남자,연구직,울산
47,478058,33825,613,115,1816,1987,여자,사무관리직,경기
48,694976,37154,538,176,2413,1986,남자,사무관리직,서울
49,687620,26658,481,101,831,1983,남자,영업/마케팅,서울
50,342612,11182,215,172,200,1983,남자,디자인직,광주
51,686094,28374,605,99,861,1982,여자,의료,서울
52,102939,5024,325,100,257,1981,남자,전산직,부산
53,293982,10757,211,149,129,1973,여자,무직/기타,전라
54,1075841,31985,318,99,642,1970,남자,사무관리직,서울
55,144488,5308,49,166,13,1964,남자,사무관리직,대전
56,194720,9665,194,109,210,1988,여자,디자인직,부산
57,476122,30796,419,132,940,1985,여자,사무관리직,서울
58,313196,13639,239,159,339,1975,남자,영업/마케팅,경기
59,286772,13057,256,153,385,1968,여자,가사노동,부산
60,415150,16451,258,142,289,1949,남자,자영업,서울
61,499950,30161,277,292,134,1966,여자,서비스,경기
62,180287,8566,146,195,402,1984,여자,사무관리직,광주
63,394251,21569,295,129,405,1978,남자,사무관리직,경상
64,904895,41196,462,149,1744,1983,여자,디자인직,광주
65,768458,45550,347,189,556,1955,남자,무직/기타,경상
66,179929,7018,165,147,218,1980,남자,사무관리직,경기
67,598175,18988,266,161,486,1977,남자,교육직,경상
68,135675,8546,168,133,178,1974,남자,무직/기타,광주
69,423143,23761,303,144,1140,1987,남자,영업/마케팅,서울
70,378392,14795,214,152,544,1974,남자,연구직,경기
71,183998,6951,269,130,140,1979,남자,서비스,인천
72,246974,8650,176,129,4,1973,남자,사무관리직,경기
73,383682,12292,182,106,56,1972,여자,가사노동,경기
74,666564,18832,178,108,45,1962,남자,사무관리직,서울
75,238026,7940,167,212,171,1979,여자,사무관리직,경기
76,151453,6961,243,118,321,1983,여자,사무관리직,대구
77,365834,7868,216,191,188,1990,남자,자영업,경기
78,530513,26266,385,122,989,1979,남자,사무관리직,부산
79,703388,20264,262,122,163,1961,남자,사무관리직,서울
80,227846,13831,309,104,242,1980,남자,사무관리직,부산
81,265194,9222,210,139,343,1952,남자,교육직,울산
82,1013132,40573,657,184,1924,1973,남자,사무관리직,충청
83,169142,5610,133,100,187,1960,여자,사무관리직,서울
84,257821,9741,274,268,234,1967,여자,자영업,서울
85,220602,14622,302,125,490,1986,남자,사무관리직,서울
86,1040393,40661,133,169,140,1978,남자,영업/마케팅,경기
87,271052,8405,332,116,645,1971,남자,사무관리직,부산
88,491763,42929,300,187,597,1974,남자,자영업,서울
89,850644,27453,394,163,1151,1990,여자,대학/대학원생,광주
90,643237,18429,245,103,795,1983,남자,영업/마케팅,서울
91,1277884,37554,299,289,133,1978,남자,공무원/경찰/군인,경상
92,681171,23143,276,137,41,1957,남자,무직/기타,서울
93,682560,33181,341,102,421,1973,남자,영업/마케팅,서울
94,262285,15517,337,155,363,1985,여자,디자인직,인천
95,1562095,42608,591,109,2079,1978,여자,사무관리직,서울
96,134331,3775,96,135,135,1994,여자,초중고생,경기
97,460410,18367,397,113,411,1969,남자,연구직,부산
98,811931,26573,277,106,170,1975,여자,금융,서울
99,530786,25177,307,180,1158,1965,남자,연구직,제주
100,654569,27838,335,163,445,1969,남자,사무관리직,경기
101,161998,8368,100,147,333,1971,여자,사무관리직,경기
102,537807,13260,297,133,569,1975,남자,사무관리직,경기
103,2764577,93266,304,254,1875,1974,남자,자영업,서울
104,357517,17817,319,130,638,1984,여자,무직/기타,경기
105,153279,7038,158,108,281,1968,남자,자영업,충청
106,894794,41409,556,113,3798,1984,남자,영업/마케팅,서울
107,434062,14446,383,165,803,1979,여자,가사노동,강원
108,567080,20175,261,188,187,1986,남자,자영업,경기
109,697242,10677,164,143,44,1976,남자,영업/마케팅,충청
110,315593,12885,217,103,215,1970,여자,사무관리직,서울
111,474014,22934,570,199,1036,1981,남자,디자인직,인천
112,209276,21768,62,117,0,1953,남자,의료,서울
113,312266,11128,258,134,1512,1984,남자,대학/대학원생,경기
114,383276,19328,223,188,5,1985,여자,영업/마케팅,대구
115,123211,6718,98,106,41,1974,여자,무직/기타,충청
116,298522,8607,232,190,88,1966,남자,사무관리직,경기
117,294253,15866,314,144,1083,1975,남자,전산직,경기
118,270926,6115,122,114,124,1985,남자,영업/마케팅,부산
119,174619,6744,205,157,238,1975,여자,의료,경기
120,90893,2505,53,180,2,1970,남자,사무관리직,경기
121,103730,4110,111,109,111,1965,여자,교육직,울산
122,163621,5635,155,133,123,1970,남자,사무관리직,경기
123,251081,12085,278,249,103,1982,남자,사무관리직,인천
124,400193,14352,256,191,500,1972,여자,교육직,강원
125,166726,8882,220,134,199,1974,남자,교육직,경기
126,304757,13965,350,119,76,1975,여자,가사노동,부산
127,834667,27189,313,188,494,1981,여자,사무관리직,경기
128,251171,12070,171,213,160,1944,남자,자영업,경기
129,814798,50150,389,152,1020,1981,여자,사무관리직,서울
130,68362,4510,97,163,0,1949,여자,사무관리직,서울
131,87052,5600,154,110,179,1986,여자,무직/기타,인천
132,250169,9228,171,182,479,1970,여자,가사노동,경기
133,180077,10565,201,130,264,1985,여자,자영업,경상
134,713564,33937,916,166,1732,1956,남자,서비스,인천
135,605522,24305,314,251,524,1977,남자,영업/마케팅,전라
136,787254,25129,377,111,340,1985,남자,서비스,경기
137,239984,8652,274,102,1212,1974,남자,공무원/경찰/군인,경상
138,599292,15877,307,103,260,1963,남자,자영업,부산
139,391927,25806,409,120,940,1970,여자,서비스,경기
140,259439,11678,263,113,482,1984,남자,영업/마케팅,서울
141,100561,5518,146,222,217,1978,남자,사무관리직,광주
142,493632,17969,156,156,239,1970,여자,사무관리직,서울
143,316271,21177,354,125,9,1978,여자,사무관리직,대구
144,340703,15142,406,163,249,1981,여자,서비스,대구
145,1041006,36314,688,161,3043,1978,남자,공무원/경찰/군인,경상
146,272985,13157,218,106,460,1972,여자,사무관리직,충청
147,598397,23472,306,141,712,1983,남자,무직/기타,강원
148,604731,14131,142,203,278,1963,남자,사무관리직,경상
149,838124,23449,427,174,1260,1980,여자,영업/마케팅,대구
150,271039,8201,239,116,443,1978,남자,자영업,경기
151,349622,11940,217,104,482,1987,남자,교육직,경기
152,203269,8080,175,144,1,1976,남자,사무관리직,충청
153,258155,10777,224,109,224,1962,여자,교육직,서울
154,268046,13544,187,133,619,1976,여자,사무관리직,제주
155,692700,23534,520,101,1312,1983,여자,영업/마케팅,서울
156,357045,12889,227,193,32,1939,남자,무직/기타,충청
157,529518,30981,350,133,112,1977,여자,사무관리직,서울
158,467960,20908,378,104,634,1974,남자,사무관리직,경상
159,110223,6772,170,110,260,1976,여자,사무관리직,대전
160,427368,12877,341,163,52,1957,남자,무직/기타,강원
161,258085,12814,243,125,1201,1971,여자,무직/기타,인천
162,218608,18848,213,127,51,1979,여자,금융,울산
163,332806,11166,265,99,334,1973,남자,자영업,인천
164,1623948,41009,328,179,190,1964,남자,자영업,경기
165,239099,11856,158,154,104,1963,여자,서비스,서울
166,794620,22335,312,205,304,1965,남자,영업/마케팅,경기
167,775684,39710,133,141,393,1991,여자,사무관리직,서울
168,170327,5183,195,108,198,1973,여자,사무관리직,서울
169,662238,16403,182,232,5,1974,여자,가사노동,충청
170,414071,18508,338,148,476,1954,남자,무직/기타,경상
171,197442,6465,127,109,38,1954,남자,서비스,경기
172,315115,15758,254,183,34,1975,남자,사무관리직,경기
173,183130,6812,189,150,175,1969,남자,영업/마케팅,인천
174,1630445,59777,359,157,690,1948,여자,가사노동,서울
175,615021,38553,425,222,1385,1983,남자,전산직,경기
176,449189,19732,242,124,848,1980,여자,가사노동,대구
177,244026,9807,227,158,330,1976,남자,사무관리직,인천
178,81194,2457,75,114,50,1979,여자,무직/기타,경기
179,89430,4635,47,109,11,1965,남자,사무관리직,경기
180,1633389,29965,397,206,351,1960,남자,자영업,서울
181,441948,24955,639,106,2012,1977,여자,사무관리직,경기
182,286592,14410,316,230,148,1974,남자,자영업,강원
183,749370,17686,178,155,105,1974,남자,자영업,경기
184,177162,7245,67,119,247,1972,여자,서비스,서울
185,230849,7182,153,127,213,1961,남자,영업/마케팅,경기
186,318380,15322,196,183,134,1974,남자,무직/기타,대구
187,882347,44675,482,160,2183,1984,여자,디자인직,서울
188,444166,15835,361,193,1151,1969,남자,사무관리직,경기
189,135470,4374,167,95,75,1981,남자,전산직,경기
190,1876849,94106,614,213,2374,1980,남자,사무관리직,부산
191,384479,20079,492,184,1002,1987,남자,디자인직,전라
192,402180,8291,72,212,39,1964,여자,사무관리직,제주
193,264194,11237,232,224,659,1966,남자,자영업,강원
194,215239,11656,271,103,853,1998,남자,초중고생,강원
195,224154,11592,175,111,267,1976,남자,사무관리직,경기
196,635303,19255,284,120,490,1969,여자,영업/마케팅,서울
197,1005574,45804,294,202,824,1970,여자,무직/기타,서울
198,268356,7941,262,115,289,1977,남자,서비스,울산
199,1105718,47205,391,283,592,1974,남자,영업/마케팅,인천
200,203302,7993,271,145,477,1987,남자,대학/대학원생,경기
201,36670,2271,67,128,122,1964,여자,사무관리직,서울
202,584825,33037,499,102,981,1980,여자,사무관리직,서울
203,677799,24532,324,112,796,1983,남자,사무관리직,서울
204,175227,9569,236,106,400,1973,남자,영업/마케팅,인천
205,268766,8814,118,99,70,1976,남자,영업/마케팅,부산
206,540048,13930,186,131,807,1974,남자,영업/마케팅,충청
207,131488,3982,149,129,4,1957,남자,생산기술,울산
208,141080,3717,172,116,354,1982,남자,영업/마케팅,인천
209,705762,31343,455,110,820,1968,남자,영업/마케팅,서울
210,411931,12411,305,101,516,1935,남자,사무관리직,서울
211,630955,42287,225,122,1051,1984,남자,대학/대학원생,경상
212,211950,9082,143,128,35,1948,남자,서비스,인천
213,981619,29565,431,152,960,1985,남자,전산직,서울
214,833029,34864,580,130,722,1977,여자,연구직,대전
215,48992,2554,59,150,0,1966,여자,공무원/경찰/군인,경기
216,115762,6744,124,102,93,1969,여자,영업/마케팅,경기
217,221300,9165,130,104,227,1986,남자,영업/마케팅,제주
218,1100887,45239,455,136,668,1973,남자,사무관리직,서울
219,664860,28721,558,139,1867,1972,남자,사무관리직,경기
220,248329,13309,242,129,197,1982,남자,디자인직,경상
221,286302,13327,274,153,631,1979,여자,의료,인천
222,109393,4647,132,174,593,1977,남자,사무관리직,경상
223,176808,5395,180,111,396,1979,여자,사무관리직,전라
224,57097,2610,83,155,62,1956,남자,자영업,전라
225,1235118,47305,543,100,506,1972,남자,사무관리직,서울
226,224699,7694,194,231,392,1978,여자,자영업,전라
227,635081,32924,125,102,131,1974,남자,사무관리직,서울
228,296770,10499,193,131,258,1962,남자,자영업,대구
229,412376,16316,265,101,316,1961,남자,영업/마케팅,서울
230,487122,27438,548,180,1150,1986,남자,디자인직,서울
231,201354,8207,219,160,256,1973,남자,생산기술,경상
232,1941249,55250,481,171,284,1970,남자,서비스,서울
233,137857,3484,119,122,130,1965,남자,방송/예술/스포츠,강원
234,160197,9170,287,122,638,1984,남자,디자인직,경상
235,143366,10110,166,207,46,1973,남자,무직/기타,대구
236,577258,15904,259,165,985,1988,여자,무직/기타,부산
237,957371,26932,204,108,820,1983,남자,사무관리직,서울
238,239020,10422,381,120,538,1986,여자,대학/대학원생,경기
239,153554,8436,235,100,631,1985,남자,대학/대학원생,서울
240,131751,7718,253,135,398,1966,여자,영업/마케팅,충청
241,525186,15003,115,228,118,1958,남자,영업/마케팅,부산
242,784577,22321,300,172,972,1979,남자,사무관리직,충청
243,990432,35911,546,137,545,1978,남자,생산기술,경기
244,1349326,49400,361,181,489,1966,남자,영업/마케팅,서울
245,222090,10378,194,151,533,1982,남자,무직/기타,경상
246,632822,30672,301,149,224,1983,남자,전산직,경기
247,358796,15891,298,110,395,1984,여자,서비스,제주
248,942734,21753,404,164,830,1970,남자,사무관리직,경기
249,294400,9757,228,119,322,1943,남자,농/수/축/임업,경기
250,201703,4779,113,100,69,1978,여자,사무관리직,울산
251,249711,12913,128,109,86,1986,남자,사무관리직,서울
252,288048,9602,324,104,500,1974,여자,금융,경기
253,156923,9149,163,147,136,1970,남자,무직/기타,대전
254,153757,10217,118,114,23,1979,여자,디자인직,경기
255,208897,12615,118,120,1,1942,남자,무직/기타,인천
256,391717,14612,233,141,469,1987,여자,교육직,경기
257,230337,10593,132,163,117,1973,남자,영업/마케팅,대구
258,593838,29633,261,152,1104,1977,여자,사무관리직,경기
259,96551,6358,113,130,8,1961,남자,사무관리직,충청
260,493726,16438,280,131,171,1962,남자,사무관리직,서울
261,108471,4362,137,105,72,1977,여자,서비스,대전
262,315496,13950,294,136,452,1978,남자,사무관리직,울산
263,433840,17491,24,355,0,1952,여자,가사노동,인천
264,1045429,57746,520,115,3271,1980,남자,사무관리직,서울
265,332022,11694,227,235,797,1966,남자,자영업,경기
266,489143,20679,391,126,1610,1977,남자,디자인직,부산
267,857006,28836,363,113,802,1984,여자,영업/마케팅,서울
268,412514,23324,157,104,1522,1970,남자,사무관리직,경기
269,66289,5300,207,129,371,1983,남자,생산기술,충청
270,162110,10092,75,217,7,1974,남자,무직/기타,울산
271,393301,39912,255,154,117,1970,남자,서비스,서울
272,298937,30313,300,128,3053,1968,남자,연구직,제주
273,322093,19324,307,130,247,1985,여자,디자인직,경기
274,535251,26701,299,176,810,1991,여자,대학/대학원생,대전
275,885146,32199,188,110,2284,1977,여자,사무관리직,서울
276,113966,7924,69,154,53,1971,여자,사무관리직,서울
277,183501,5488,141,101,285,1990,남자,대학/대학원생,경기
278,241658,8588,103,152,48,1968,여자,사무관리직,서울
279,1172886,37984,514,102,1823,1987,여자,사무관리직,인천
280,1019399,31613,420,182,658,1975,남자,사무관리직,경기
281,1019319,50202,586,155,2208,1985,여자,대학/대학원생,서울
282,213447,6626,189,152,12,1963,남자,사무관리직,대구
283,412603,22020,784,103,1471,1986,여자,사무관리직,서울
284,352150,15378,247,191,292,1981,여자,가사노동,경기
285,436039,20930,404,155,444,1975,남자,자영업,경기
286,350163,14506,332,104,510,1986,남자,금융,서울
287,185828,8659,194,104,306,1984,여자,가사노동,경기
288,217489,9741,242,101,60,1963,남자,서비스,경상
289,201858,4247,74,240,64,1965,남자,자영업,광주
290,483897,25236,330,126,686,1981,여자,사무관리직,서울
291,487213,16177,334,142,398,1979,여자,사무관리직,경기
292,241018,12048,143,139,432,1982,남자,대학/대학원생,경상
293,1085798,40546,328,218,1164,1983,여자,의료,광주
294,82240,2148,57,110,0,1998,여자,초중고생,서울
295,377530,26263,303,108,399,1986,여자,디자인직,경기
296,212732,6928,162,120,306,1985,남자,무직/기타,경상
297,897697,44939,379,115,723,1974,여자,사무관리직,서울
298,688588,32140,169,122,82,1983,남자,디자인직,서울
299,206575,6473,218,109,161,1974,남자,자영업,경상
300,741468,28458,284,154,1010,1987,남자,사무관리직,서울
301,313993,14286,309,197,724,1977,남자,자영업,경기
302,57134,4750,69,114,57,1957,여자,영업/마케팅,서울
303,526990,20362,293,166,605,1975,여자,서비스,경기
304,693049,27510,384,232,736,1958,남자,사무관리직,서울
305,140531,8845,247,104,270,1982,남자,영업/마케팅,인천
306,234271,5792,183,177,487,1963,남자,방송/예술/스포츠,경상
307,950622,35403,429,150,52,1957,남자,영업/마케팅,부산
308,538118,17633,258,146,65,1958,남자,의료,서울
309,273400,14932,214,188,509,1968,여자,사무관리직,서울
310,962576,43259,430,225,2193,1979,여자,가사노동,경기
311,97345,6389,131,100,493,1994,여자,대학/대학원생,전라
312,222191,10995,275,123,156,1972,남자,무직/기타,인천
313,85363,4580,91,103,155,1990,여자,교육직,경기
314,208069,5428,104,175,121,1973,여자,가사노동,경기
315,181937,8771,256,197,423,1974,남자,영업/마케팅,인천
316,598734,36262,428,130,934,1981,남자,디자인직,제주
317,121421,5290,82,144,218,1990,여자,대학/대학원생,경기
318,204338,8629,142,114,566,1984,남자,무직/기타,서울
319,598511,19579,384,112,560,1985,남자,연구직,대구
320,177385,10085,234,98,42,1973,여자,서비스,경기
321,463696,9624,140,134,0,1960,남자,공무원/경찰/군인,경기
322,399050,6413,224,133,301,1954,여자,사무관리직,대전
323,731942,27001,361,190,1336,1986,남자,무직/기타,대구
324,481766,27396,215,144,262,1947,남자,사무관리직,서울
325,961891,50823,600,100,1863,1986,여자,디자인직,서울
326,238467,15467,166,152,14,1976,여자,교육직,인천
327,548595,24040,354,131,1146,1985,여자,사무관리직,서울
328,1229450,35318,360,106,604,1979,남자,사무관리직,서울
329,231641,7807,190,117,463,1981,여자,서비스,대구
330,85055,4192,163,129,328,1978,남자,사무관리직,대구
331,819040,37049,530,138,2016,1979,여자,사무관리직,전라
332,811491,20364,245,99,397,1984,여자,영업/마케팅,경기
333,98726,6040,232,110,412,1989,여자,방송/예술/스포츠,경상
334,394371,13206,175,174,0,1956,남자,자영업,서울
335,287067,9192,260,122,259,1967,여자,무직/기타,서울
336,583176,29893,340,137,1122,1967,남자,자영업,경기
337,980589,27031,601,248,1381,1980,여자,서비스,경기
338,384225,15317,230,103,40,1977,여자,디자인직,경상
339,328731,10054,234,99,562,1973,남자,서비스,대전
340,595591,21518,178,193,358,1970,남자,자영업,경기
341,461991,21766,276,171,1016,1982,남자,사무관리직,경상
342,81638,4629,48,146,39,1968,남자,영업/마케팅,경기
343,1761712,45315,313,129,585,1969,남자,사무관리직,서울
344,484674,19317,280,103,133,1977,남자,사무관리직,전라
345,835819,22646,313,114,55,1970,여자,사무관리직,경기
346,239308,12207,132,181,43,1967,남자,무직/기타,부산
347,177307,7500,281,154,196,1969,여자,디자인직,서울
348,702382,44895,534,136,2457,1989,여자,디자인직,서울
349,201749,5295,198,102,174,1973,남자,전산직,경기
350,454070,23061,326,117,715,1982,여자,영업/마케팅,경기
351,388217,17701,349,119,427,1982,여자,사무관리직,대구
352,198619,10897,216,107,462,1978,남자,사무관리직,전라
353,228084,6634,200,110,327,1967,여자,사무관리직,서울
354,301799,15558,585,158,584,1970,남자,무직/기타,부산
355,516299,23034,250,224,484,1979,남자,영업/마케팅,경기
356,283577,8755,164,121,82,1958,남자,사무관리직,충청
357,271715,6985,130,132,80,1992,남자,대학/대학원생,경기
358,102207,5145,100,196,42,1977,남자,사무관리직,인천
359,252341,7111,256,155,293,1961,남자,사무관리직,경상
360,212267,11448,178,164,172,1978,남자,사무관리직,대구
361,1067818,25119,324,107,665,1984,남자,영업/마케팅,서울
362,240688,9464,97,109,143,1966,여자,자영업,경기
363,60929,4060,90,127,26,1970,남자,무직/기타,대전
364,734807,16735,269,223,534,1972,남자,전산직,경기
365,570243,24797,399,129,165,1973,남자,무직/기타,충청
366,458051,12592,248,134,144,1969,여자,가사노동,서울
367,799281,16353,281,144,487,1972,남자,영업/마케팅,울산
368,406524,15361,378,162,669,1984,남자,사무관리직,서울
369,101105,3095,88,115,135,1965,남자,사무관리직,인천
370,207710,11301,128,222,35,1985,남자,자영업,충청
371,228560,11352,232,151,391,1985,남자,무직/기타,대전
372,148930,5652,167,111,339,1975,남자,사무관리직,전라
373,192359,4521,140,194,105,1973,남자,무직/기타,전라
374,960721,46836,567,121,1742,1986,여자,디자인직,서울
375,804083,28903,172,115,398,1980,여자,서비스,서울
376,287402,7462,222,147,276,1955,남자,농/수/축/임업,충청
377,181681,6619,283,133,180,1982,여자,디자인직,인천
378,1299330,41757,492,198,228,1969,여자,교육직,인천
379,359274,16040,148,122,261,1972,남자,사무관리직,경기
380,371868,13673,232,106,150,1959,여자,영업/마케팅,광주
381,541864,26133,419,131,750,1989,여자,디자인직,서울
382,239357,17377,381,150,1958,1987,남자,사무관리직,서울
383,152348,7903,212,111,583,1976,남자,무직/기타,경기
384,374647,17903,402,108,680,1980,여자,사무관리직,서울
385,550209,22963,309,108,570,1979,여자,자영업,서울
386,349273,14197,310,120,474,1975,남자,전산직,강원
387,299317,17820,213,106,484,1998,여자,초중고생,서울
388,203311,7016,154,123,274,1970,여자,연구직,서울
389,591940,18031,344,143,347,1962,남자,사무관리직,서울
390,612538,21674,278,158,239,1962,여자,사무관리직,서울
391,1451422,51993,332,104,2830,1985,여자,무직/기타,서울
392,364189,9713,230,110,241,1971,여자,교육직,경기
393,150927,3460,133,127,0,1981,여자,무직/기타,부산
394,361795,12899,316,103,777,1963,남자,무직/기타,경기
395,401514,14171,319,168,1017,1983,남자,자영업,경기
396,1041152,44555,537,197,868,1967,여자,사무관리직,서울
397,766302,36033,457,105,1003,1986,남자,영업/마케팅,서울
398,279756,8321,162,131,200,1981,남자,생산기술,경기
399,499216,28352,448,119,2230,1981,여자,전산직,서울
400,526089,30341,386,106,911,1964,남자,영업/마케팅,서울
401,764260,26920,447,100,463,1960,여자,무직/기타,대전
402,536166,23010,333,119,1179,1985,남자,사무관리직,서울
403,1013580,42242,1035,161,831,1974,남자,금융,경상
404,1060456,28227,199,141,639,1969,여자,무직/기타,경상
405,807195,22222,281,115,433,1968,남자,사무관리직,서울
406,919587,37911,266,147,404,1974,여자,무직/기타,서울
407,149651,9531,284,143,600,1993,남자,영업/마케팅,대구
408,819860,38693,813,106,2652,1985,여자,사무관리직,서울
409,923024,27431,564,144,1462,1967,여자,사무관리직,서울
410,1967343,43455,343,127,248,1966,남자,서비스,충청
411,609545,21040,81,288,50,1953,남자,생산기술,경기
412,109142,3774,88,106,137,1972,여자,서비스,서울
413,14310,1911,63,112,40,1985,여자,사무관리직,경기
414,350105,10592,146,123,232,1979,여자,사무관리직,광주
415,1221165,38438,383,99,1121,1975,남자,대학/대학원생,서울
416,173444,5702,199,138,236,1958,남자,사무관리직,대전
417,436958,16035,150,151,127,1962,여자,사무관리직,서울
418,443859,13588,249,124,289,1969,남자,사무관리직,광주
419,557844,18588,218,175,462,1976,여자,전산직,대구
420,215539,10263,156,118,41,1971,여자,무직/기타,서울
421,600354,13885,90,132,86,1968,남자,교육직,대구
422,744733,23839,859,114,766,1963,남자,의료,경기
423,904465,40491,602,102,1980,1982,남자,사무관리직,서울
424,589725,22534,424,136,1472,1984,남자,무직/기타,서울
425,470416,27524,347,169,415,1972,남자,사무관리직,대구
426,174625,6080,83,226,3,1964,남자,무직/기타,경기
427,202898,9693,151,105,63,1977,남자,사무관리직,경상
428,166752,9069,208,101,453,1969,남자,교육직,경상
429,417357,15047,183,207,277,1978,남자,영업/마케팅,광주
430,146508,5496,182,129,1,1976,남자,연구직,대전
431,537746,28935,359,142,287,1979,남자,자영업,서울
432,315705,18485,98,108,0,1964,여자,사무관리직,서울
433,265992,11163,227,100,313,1977,남자,영업/마케팅,경기
434,841129,12120,169,270,236,1960,남자,자영업,충청
435,192482,13154,478,110,376,1987,여자,디자인직,경상
436,380676,15262,558,127,894,1984,남자,영업/마케팅,서울
437,640702,19312,416,118,424,1980,여자,사무관리직,서울
438,575100,21515,400,98,735,1965,남자,무직/기타,경기
439,751279,25238,443,120,682,1985,여자,영업/마케팅,서울
440,572368,35112,518,131,572,1978,남자,사무관리직,대구
441,108859,3434,184,137,322,1983,남자,사무관리직,울산
442,283770,14200,164,162,70,1981,남자,사무관리직,대구
443,254994,17682,251,105,1100,1976,남자,사무관리직,경기
444,316456,13093,183,245,470,1973,남자,무직/기타,부산
445,403240,23878,486,139,857,1986,남자,서비스,서울
446,2214889,88998,524,166,810,1974,남자,서비스,서울
447,383536,20288,367,147,464,1972,남자,자영업,경기
448,603299,35803,224,158,770,1985,남자,사무관리직,서울
449,50964,2153,91,112,43,1991,여자,대학/대학원생,부산
450,503791,29633,145,114,561,1988,여자,사무관리직,대구
451,486465,25510,365,117,912,1992,남자,대학/대학원생,서울
452,464383,27696,291,104,200,1987,여자,교육직,서울
453,53732,3459,206,105,5,1958,여자,디자인직,대구
454,777487,12603,314,169,179,1969,여자,연구직,서울
455,729397,31208,601,125,899,1984,여자,사무관리직,서울
456,278111,10700,238,160,343,1973,남자,사무관리직,경기
457,294946,7019,243,121,47,1958,여자,공무원/경찰/군인,대전
458,1094020,44600,627,145,2162,1981,여자,사무관리직,서울
459,312507,10278,290,102,365,1971,남자,사무관리직,인천
460,286158,9656,295,131,693,1965,여자,자영업,서울
461,122900,7442,149,98,317,1984,남자,사무관리직,서울
462,328649,11788,284,126,532,1967,남자,사무관리직,경기
463,343636,21018,404,104,807,1983,남자,영업/마케팅,경기
464,523369,21105,279,119,250,1962,여자,디자인직,서울
465,786727,37099,426,103,1464,1971,남자,사무관리직,서울
466,307654,12178,234,148,238,1975,남자,무직/기타,경기
467,336237,16017,161,128,394,1981,남자,무직/기타,경기
468,389936,14384,341,144,905,1983,남자,무직/기타,부산
469,1577687,36498,321,102,318,1975,남자,사무관리직,서울
470,661585,27518,261,122,299,1967,남자,영업/마케팅,서울
471,115380,6183,172,106,188,1987,여자,교육직,충청
472,512908,25896,290,139,2656,1993,남자,초중고생,서울
473,430084,22546,203,158,251,1979,남자,영업/마케팅,경기
474,85470,3950,96,134,65,1977,남자,사무관리직,대구
475,421144,16374,218,130,168,1972,남자,공무원/경찰/군인,경기
476,673653,39532,355,202,485,1970,여자,사무관리직,서울
477,766111,23173,334,159,1108,1973,남자,사무관리직,경상
478,458346,19794,170,192,564,1985,남자,서비스,서울
479,350747,17019,273,194,254,1976,남자,디자인직,경상
480,373783,13850,289,127,473,1979,남자,영업/마케팅,부산
481,310237,15055,302,171,1133,1985,남자,서비스,전라
482,463451,25886,451,159,1276,1961,남자,사무관리직,부산
483,230702,7563,243,114,478,1991,여자,무직/기타,인천
484,147757,8550,300,156,545,1988,여자,운송/운수,경상
485,1132818,36031,369,222,1931,1976,여자,사무관리직,제주
486,51502,2340,89,109,170,1961,여자,사무관리직,서울
487,167099,6767,124,114,105,1984,여자,의료,경기
488,581950,29898,466,121,502,1974,남자,자영업,경기
489,63408,3614,66,152,8,1970,여자,영업/마케팅,서울
490,1045849,43703,354,187,717,1971,남자,사무관리직,경기
491,13930,655,32,85,29,1970,여자,사무관리직,서울
492,328669,16682,469,199,839,1986,여자,전산직,광주
493,1827168,79758,730,206,3218,1985,여자,디자인직,서울
494,318367,15771,273,166,512,1980,남자,자영업,경기
495,17677,1105,34,117,4,1985,남자,공무원/경찰/군인,경기
496,456034,12942,277,158,1101,1983,남자,무직/기타,대구
497,771236,43921,219,104,146,1979,남자,무직/기타,서울
498,251881,10945,341,106,173,1978,여자,디자인직,대구
499,219620,13752,167,133,119,1969,여자,무직/기타,경기
500,587674,28477,296,168,160,1969,남자,영업/마케팅,대구
501,66717,1473,84,125,36,1963,남자,연구직,경상
502,401808,19691,532,151,546,1988,여자,무직/기타,대구
503,340566,14924,172,156,59,1962,남자,무직/기타,울산
504,312131,9572,157,126,160,1974,남자,무직/기타,부산
505,1270812,45641,411,165,1239,1978,남자,자영업,인천
506,124312,3747,116,145,64,1989,남자,무직/기타,전라
507,260091,12633,118,124,228,1983,남자,서비스,충청
508,112548,3933,122,109,29,1970,여자,영업/마케팅,전라
509,157432,7268,154,112,276,1979,남자,영업/마케팅,경기
510,154714,7475,167,146,95,1973,남자,사무관리직,경기
511,276424,12636,116,112,211,1980,남자,사무관리직,경기
512,906573,26985,350,134,44,1937,남자,법률/세무,서울
513,451114,21106,346,161,578,1978,남자,자영업,경기
514,162006,5871,190,175,339,1979,여자,사무관리직,인천
515,140712,3641,55,141,3,1982,남자,영업/마케팅,경기
516,140642,5401,161,106,53,1978,남자,전산직,경기
517,837024,22798,270,122,365,1983,남자,사무관리직,서울
518,108852,6575,140,109,123,1960,여자,의료,경기
519,539352,26585,236,109,353,1981,여자,영업/마케팅,서울
520,554370,26245,652,167,1392,1983,남자,영업/마케팅,인천
521,548498,22618,274,170,73,1972,여자,가사노동,충청
522,253252,8735,234,112,829,1974,여자,사무관리직,경기
523,231946,13456,301,142,1605,1967,남자,무직/기타,경기
524,430129,24910,226,159,441,1973,남자,연구직,인천
525,409917,9877,396,114,518,1967,여자,영업/마케팅,인천
526,475909,14049,52,127,67,1982,여자,대학/대학원생,전라
527,198057,7744,196,137,50,1978,남자,자영업,대구
528,246584,9421,274,101,328,1973,남자,무직/기타,인천
529,850696,38840,363,138,18,1956,남자,자영업,서울
530,484844,13051,280,166,23,1974,남자,공무원/경찰/군인,강원
531,216300,11226,176,101,95,1957,남자,서비스,서울
532,1372474,59280,374,212,1320,1981,남자,디자인직,광주
533,186507,5104,61,104,34,1985,남자,사무관리직,경기
534,356562,20089,253,119,101,1974,남자,자영업,대전
535,1501219,47131,749,160,1787,1986,여자,사무관리직,서울
536,461054,10951,143,102,86,1963,남자,사무관리직,서울
537,358072,14722,234,131,547,1978,남자,서비스,경기
538,668641,26546,476,189,734,1970,여자,자영업,경기
539,858299,59792,416,134,1131,1975,남자,금융,부산
540,1020387,30860,595,133,2047,1976,남자,사무관리직,경기
541,336374,12170,222,119,318,1984,남자,사무관리직,서울
542,298255,11393,168,183,639,1968,남자,법률/세무,대전
543,693192,26346,335,154,516,1977,여자,무직/기타,경기
544,380159,14529,69,100,4,1959,남자,교육직,서울
545,533132,23497,470,202,1060,1976,남자,자영업,인천
546,352379,14123,215,158,295,1974,남자,전산직,경상
547,243166,13382,145,108,252,1972,남자,사무관리직,경기
548,235940,12156,244,145,425,1977,여자,가사노동,부산
549,225780,5896,106,104,110,1963,남자,사무관리직,경기
550,145260,6092,116,109,24,1951,남자,무직/기타,경기
551,136878,5153,152,109,106,1946,여자,사무관리직,서울
552,1312180,51725,428,149,2791,1971,여자,사무관리직,서울
553,242317,8391,141,106,320,1984,남자,무직/기타,경기
554,816435,27120,605,123,2015,1943,남자,의료,경기
555,389147,16752,363,174,532,1968,남자,사무관리직,충청
556,1462890,54038,373,164,1812,1980,남자,농/수/축/임업,경상
557,137202,4689,154,145,306,1989,남자,사무관리직,인천
558,595893,19311,331,141,1325,1980,남자,사무관리직,울산
559,712434,28675,457,248,890,1979,남자,대학/대학원생,경기
560,948554,38607,369,149,1174,1963,남자,자영업,서울
561,85920,3648,93,101,241,1982,남자,공무원/경찰/군인,전라
562,300956,12952,312,149,202,1976,남자,사무관리직,인천
563,210956,5167,117,109,166,1965,남자,자영업,충청
564,506760,18021,243,122,1702,1990,남자,대학/대학원생,대전
565,347382,12275,339,147,391,1972,남자,자영업,전라
566,1207371,22195,168,269,766,1976,남자,농/수/축/임업,대전
567,203193,9996,163,104,205,1979,남자,영업/마케팅,경기
568,116666,3877,142,228,59,1964,남자,디자인직,부산
569,500224,11666,245,93,456,1979,여자,사무관리직,충청
570,422199,15672,324,128,469,1979,여자,전산직,서울
571,638403,23874,390,109,975,1964,남자,무직/기타,광주
572,118189,3869,145,98,157,1973,남자,사무관리직,경상
573,664710,41539,221,191,221,1966,여자,사무관리직,서울
574,361596,9542,249,142,82,1969,남자,생산기술,부산
575,755947,54560,244,226,216,1955,여자,가사노동,경기
576,286354,7448,246,113,68,1961,남자,영업/마케팅,경기
577,378493,17417,755,105,1054,1983,남자,공무원/경찰/군인,대전
578,531789,29107,248,192,435,1973,여자,자영업,대구
579,4295416,39101,34,246,48,1987,남자,사무관리직,충청
580,178434,8331,297,100,329,1984,여자,교육직,충청
581,438714,24119,310,109,741,1985,남자,대학/대학원생,서울
582,962769,46744,453,198,725,1985,여자,의료,서울
583,392025,14004,364,148,772,1990,남자,사무관리직,서울
584,169559,8197,169,133,115,1970,남자,서비스,충청
585,1544288,61563,873,164,1285,1982,여자,사무관리직,서울
586,226371,8164,187,128,192,1986,남자,대학/대학원생,서울
587,66400,3704,45,143,90,1964,남자,사무관리직,경기
588,199705,5650,158,112,125,1971,남자,무직/기타,인천
589,709896,30542,440,123,97,1957,남자,생산기술,경기
590,509311,35481,186,157,9,1949,남자,사무관리직,서울
591,1202173,45796,485,144,1954,1973,여자,사무관리직,전라
592,369412,25534,367,100,515,1975,남자,사무관리직,서울
593,660756,22038,469,194,839,1963,여자,사무관리직,인천
594,887840,35906,546,174,1387,1947,여자,사무관리직,서울
595,992080,25046,423,115,1073,1973,남자,사무관리직,서울
596,1277421,36660,426,154,2777,1972,여자,사무관리직,경기
597,409620,10750,300,122,557,1976,남자,사무관리직,경기
598,395038,6995,121,126,123,1976,남자,교육직,울산
599,1332123,46412,463,196,421,1972,남자,사무관리직,부산
600,115934,3048,24,243,2,1980,남자,공무원/경찰/군인,대전
601,1064866,56822,931,119,1146,1979,여자,디자인직,서울
602,68816,2095,103,108,110,1953,남자,농/수/축/임업,전라
603,679637,29002,214,163,656,1983,여자,무직/기타,충청
604,105116,4053,115,103,159,1983,여자,전산직,인천
605,74932,2852,136,114,30,1986,남자,영업/마케팅,경기
606,800518,29987,283,233,410,1970,여자,디자인직,경기
607,66921,3525,69,111,20,1979,여자,교육직,전라
608,625291,20948,332,115,581,1958,남자,디자인직,서울
609,572958,26169,530,101,727,1984,여자,디자인직,서울
610,315321,15384,242,154,705,1980,남자,전산직,경기
611,2250446,82285,477,156,259,1975,남자,사무관리직,서울
612,396328,12771,312,208,520,1971,남자,공무원/경찰/군인,충청
613,938249,36607,410,126,340,1970,남자,영업/마케팅,경기
614,428939,12053,140,106,78,1967,남자,교육직,인천
615,75092,6885,192,111,314,1980,여자,디자인직,경기
616,239032,9477,188,100,38,1972,남자,사무관리직,부산
617,86766,4510,87,100,77,1969,여자,사무관리직,경기
618,246699,12835,288,104,1125,1977,남자,무직/기타,대구
619,84116,6087,129,233,89,1986,여자,영업/마케팅,광주
620,422360,15411,229,120,138,1957,남자,운송/운수,충청
621,388448,15948,128,129,122,1963,여자,자영업,서울
622,1162765,33432,630,105,1783,1981,여자,디자인직,서울
623,555998,27741,264,137,208,1974,남자,자영업,경기
624,762870,28814,272,158,36,1973,남자,사무관리직,경기
625,532990,25490,280,178,4585,1988,남자,대학/대학원생,충청
626,188556,6060,198,128,238,1973,남자,사무관리직,경기
627,71989,3917,132,115,130,1993,남자,무직/기타,서울
628,320415,14726,290,107,789,1981,남자,서비스,광주
629,123640,3441,233,167,374,1968,여자,사무관리직,서울
630,1027480,51329,272,171,283,1973,남자,자영업,부산
631,402302,27363,324,178,457,1987,남자,서비스,경기
632,260988,18250,177,153,196,1982,여자,사무관리직,경기
633,711121,48562,689,151,1609,1983,여자,사무관리직,서울
634,195819,5917,140,106,86,1975,여자,사무관리직,인천
635,276931,14633,347,114,439,1974,남자,연구직,충청
636,160265,5007,106,130,6,1956,남자,서비스,대구
637,281747,14830,301,120,543,1991,여자,디자인직,울산
638,284586,10649,335,124,535,1958,남자,자영업,서울
639,266556,16817,537,100,1678,1984,남자,영업/마케팅,서울
640,262869,10455,177,197,69,1972,남자,영업/마케팅,인천
641,323943,11933,275,115,394,1977,남자,사무관리직,경기
642,288663,9528,182,161,11,1985,남자,대학/대학원생,부산
643,259671,8084,238,107,969,1975,남자,생산기술,경기
644,197146,8998,233,116,171,1971,남자,사무관리직,인천
645,157458,9735,232,99,387,1971,남자,전산직,대전
646,229339,9963,294,121,7,1962,여자,사무관리직,경상
647,798350,38340,769,103,2346,1975,남자,영업/마케팅,서울
648,970356,36320,383,116,701,1974,남자,영업/마케팅,경상
649,469363,18935,275,121,566,1982,여자,무직/기타,서울
650,1029156,50343,559,152,2829,1984,여자,영업/마케팅,서울
651,2238577,63086,575,259,331,1954,여자,가사노동,서울
652,395775,17631,322,165,525,1977,여자,사무관리직,부산
653,208753,11044,320,153,560,1991,여자,공무원/경찰/군인,경기
654,289995,16546,146,163,152,1980,남자,영업/마케팅,경기
655,64629,5304,94,147,30,1982,남자,전산직,인천
656,923410,45481,421,173,1177,1976,남자,사무관리직,서울
657,108335,8640,212,184,28,1980,여자,자영업,인천
658,693213,28833,246,168,734,1977,여자,전산직,인천
659,516557,27624,436,222,253,1967,남자,사무관리직,경기
660,164851,5684,70,110,156,1966,남자,영업/마케팅,경기
661,232584,12108,224,113,372,1976,남자,사무관리직,충청
662,453358,19770,390,142,505,1989,남자,대학/대학원생,서울
663,395977,18417,370,192,1142,1965,남자,사무관리직,경기
664,578180,31124,428,101,597,1980,여자,가사노동,경기
665,420730,18683,423,106,922,1985,여자,영업/마케팅,서울
666,216885,7455,199,186,23,1974,여자,서비스,부산
667,683981,17335,234,155,320,1978,남자,교육직,충청
668,363415,15535,213,156,242,1972,남자,영업/마케팅,경기
669,776218,24309,394,164,2051,1971,여자,사무관리직,서울
670,1358162,47205,370,112,505,1977,여자,사무관리직,서울
671,2810318,238164,46,274,178,1976,여자,디자인직,대전
672,628106,22958,262,111,2063,1988,여자,무직/기타,부산
673,101871,5075,115,122,421,1993,남자,초중고생,서울
674,1430976,31567,546,134,644,1982,남자,영업/마케팅,경기
675,705730,46968,496,125,2031,1987,남자,영업/마케팅,서울
676,439093,27557,385,178,542,1973,남자,무직/기타,경상
677,244744,7163,154,139,298,1944,여자,가사노동,서울
678,139758,3956,104,110,54,1972,여자,무직/기타,전라
679,9090,1351,43,113,44,1977,남자,사무관리직,충청
680,449754,12358,210,109,484,1962,여자,가사노동,서울
681,481417,26810,500,125,631,1972,남자,자영업,서울
682,503263,17156,250,165,405,1965,남자,서비스,경기
683,158704,6193,147,137,0,1983,여자,무직/기타,광주
684,418931,14485,279,171,1392,1979,남자,방송/예술/스포츠,경기
685,398918,16147,277,118,112,1982,남자,대학/대학원생,경기
686,91874,3074,77,120,14,1969,남자,디자인직,전라
687,826692,18129,345,202,326,1971,남자,영업/마케팅,경기
688,664838,19864,183,185,259,1987,남자,영업/마케팅,서울
689,234821,9096,220,128,222,1969,여자,사무관리직,서울
690,890703,24658,331,327,1078,1970,남자,무직/기타,전라
691,400008,21597,352,133,312,1978,남자,교육직,경상
692,455085,20500,347,122,360,1988,남자,사무관리직,서울
693,129990,8090,172,145,155,1979,남자,사무관리직,부산
694,611936,24225,446,110,1132,1977,여자,사무관리직,서울
695,177517,11592,216,169,976,1983,여자,무직/기타,경기
696,158843,8497,202,208,408,1977,남자,영업/마케팅,부산
697,82600,3131,114,101,200,1962,남자,사무관리직,경기
698,344763,15736,226,131,203,1957,남자,사무관리직,서울
699,209089,8960,147,129,116,1971,남자,영업/마케팅,경상
700,1861034,35339,346,263,517,1973,남자,생산기술,경기
701,1028922,45667,679,117,3356,1979,여자,사무관리직,서울
702,844317,27065,375,103,1635,1974,남자,사무관리직,서울
703,479444,18088,285,110,434,1982,여자,사무관리직,서울
704,547929,20621,394,144,707,1976,남자,사무관리직,경상
705,811044,23753,201,146,101,1960,남자,사무관리직,서울
706,303741,17740,182,154,345,1972,여자,사무관리직,서울
707,161577,7972,238,154,508,1983,남자,연구직,경기
708,195877,11181,146,117,11,1973,남자,영업/마케팅,경기
709,5963,544,28,100,32,1981,여자,디자인직,경기
710,149509,5893,158,107,263,1979,남자,서비스,울산
711,1232738,65806,247,265,239,1959,남자,서비스,인천
712,114041,3986,41,147,14,1973,여자,연구직,충청
713,172898,7266,69,170,13,1988,여자,사무관리직,울산
714,232318,10588,205,108,298,1980,여자,의료,인천
715,212442,5534,141,112,6,1969,여자,자영업,경기
716,61461,1552,71,61,45,1967,여자,영업/마케팅,경기
717,153182,9799,165,129,175,1983,남자,무직/기타,부산
718,1216508,53582,559,261,2370,1974,여자,가사노동,경기
719,241514,7303,272,152,188,1970,남자,의료,부산
720,171486,12661,159,110,98,1972,여자,영업/마케팅,서울
721,684184,18225,348,126,834,1967,남자,사무관리직,전라
722,911492,37131,148,192,35,1941,남자,자영업,부산
723,200130,7409,216,157,1026,1964,남자,방송/예술/스포츠,경상
724,199674,12508,260,130,1044,1991,여자,대학/대학원생,경기
725,183055,11197,237,98,99,1977,여자,사무관리직,대전
726,293335,15140,492,112,403,1948,여자,무직/기타,대구
727,640276,28041,451,155,1906,1974,남자,법률/세무,부산
728,493771,13684,263,143,420,1972,여자,사무관리직,서울
729,390477,19571,67,134,0,1960,남자,무직/기타,대구
730,619564,19738,331,186,967,1975,남자,운송/운수,경기
731,766394,28505,385,110,602,1976,여자,영업/마케팅,서울
732,230415,8868,242,103,375,1979,여자,사무관리직,경기
733,983759,22340,214,103,101,1969,남자,사무관리직,서울
734,360409,11168,213,108,372,1983,남자,대학/대학원생,서울
735,1778720,42071,453,171,1529,1975,남자,사무관리직,전라
736,577250,25142,375,120,708,1962,남자,사무관리직,서울
737,581471,16948,243,127,537,1977,남자,방송/예술/스포츠,경기
738,500288,10262,263,220,557,1972,남자,영업/마케팅,경기
739,263982,12750,266,108,557,1977,남자,연구직,경기
740,481034,20656,303,108,11,1949,남자,서비스,제주
741,188801,7202,123,134,90,1968,여자,의료,서울
742,1258665,60886,630,152,811,1959,남자,자영업,서울
743,419567,15494,346,108,1094,1991,여자,대학/대학원생,충청
744,370750,26449,267,180,509,1983,여자,가사노동,경기
745,681594,24621,438,138,553,1975,남자,영업/마케팅,대구
746,662718,30142,724,106,1449,1985,여자,서비스,서울
747,719382,24088,437,176,725,1975,남자,사무관리직,부산
748,221721,8946,250,177,245,1982,남자,영업/마케팅,인천
749,656403,37591,500,125,847,1980,여자,사무관리직,서울
750,457030,21064,468,136,834,1962,남자,서비스,경기
751,65112,3032,46,104,22,1976,남자,사무관리직,광주
752,1333379,39399,245,127,436,1971,남자,교육직,경기
753,110665,6228,121,175,199,1977,남자,영업/마케팅,경상
754,117208,4557,71,138,15,1970,남자,자영업,대구
755,328373,16105,368,153,678,1987,남자,사무관리직,서울
756,349981,11091,119,195,1015,1969,여자,공무원/경찰/군인,서울
757,125412,4338,151,109,52,1952,여자,자영업,서울
758,191438,6500,203,102,656,1986,여자,디자인직,부산
759,1208453,45196,449,118,2065,1979,남자,연구직,서울
760,295718,13737,237,170,30,1972,남자,방송/예술/스포츠,인천
761,575075,20402,410,161,243,1973,남자,영업/마케팅,경기
762,170435,5179,190,182,515,1955,남자,사무관리직,대구
763,286707,13458,231,116,171,1977,남자,사무관리직,인천
764,79716,4352,199,193,86,1978,남자,자영업,인천
765,696675,30255,502,105,942,1985,여자,디자인직,서울
766,751939,6272,16,131,0,1948,여자,가사노동,서울
767,169597,7416,209,122,351,1990,여자,영업/마케팅,부산
768,285345,23335,165,174,4,1966,남자,생산기술,경상
769,362663,11867,105,105,4,1962,남자,사무관리직,경상
770,458154,18786,253,156,403,1982,남자,사무관리직,충청
771,615879,19913,444,185,666,1974,남자,전산직,광주
772,995535,34253,450,239,636,1964,남자,의료,부산
773,335091,17419,349,150,646,1977,남자,무직/기타,인천
774,404507,21367,446,203,1083,1979,남자,자영업,대구
775,378358,10217,215,143,44,1978,남자,전산직,경기
776,162348,27833,11,211,3,1974,남자,디자인직,경상
777,149944,4770,99,127,215,1980,남자,사무관리직,강원
778,196091,8662,236,107,297,1980,여자,디자인직,부산
779,1159058,9884,132,135,140,1972,남자,무직/기타,경기
780,236717,7771,185,138,253,1948,남자,교육직,경상
781,211628,6886,196,147,210,1971,남자,영업/마케팅,경기
782,632391,25181,442,221,816,1970,남자,자영업,경기
783,338833,12208,198,180,80,1966,남자,교육직,경기
784,101292,4922,132,120,69,1977,여자,교육직,경기
785,599795,37285,311,138,1124,1979,여자,사무관리직,서울
786,348645,11003,270,110,1033,1974,여자,무직/기타,경기
787,2104789,42005,488,108,1930,1981,여자,영업/마케팅,인천
788,630083,25644,756,113,974,1983,여자,사무관리직,서울
789,733310,40807,328,141,312,1972,남자,영업/마케팅,서울
790,602732,47140,119,130,171,1973,남자,무직/기타,서울
791,293041,8755,308,100,48,1969,남자,사무관리직,울산
792,529573,13510,320,137,471,1965,여자,영업/마케팅,경기
793,316186,12650,327,185,611,1970,남자,디자인직,경기
794,549028,21064,233,141,243,1969,남자,무직/기타,부산
795,1010508,41063,438,163,1383,1982,남자,사무관리직,서울
796,295938,8942,189,105,304,1961,남자,영업/마케팅,경기
797,348184,11281,103,164,34,1981,남자,생산기술,경기
798,465084,13078,169,118,272,1978,여자,사무관리직,부산
799,210863,9154,171,113,229,1988,여자,대학/대학원생,광주
800,380679,30630,268,126,1245,1985,여자,서비스,서울
801,428115,23073,315,236,205,1980,남자,대학/대학원생,경기
802,574559,17326,261,174,7,1964,여자,무직/기타,경상
803,418594,28727,444,114,603,1984,여자,디자인직,서울
804,292805,12847,170,100,143,1958,남자,사무관리직,경기
805,674091,27797,408,150,638,1977,남자,사무관리직,경기
806,1035938,38502,382,100,726,1990,여자,사무관리직,서울
807,1515905,52303,644,121,1485,1982,여자,사무관리직,서울
808,376999,12334,192,114,148,1967,남자,자영업,대구
809,473277,19231,372,202,1098,1975,남자,사무관리직,경기
810,608764,20135,468,140,831,1983,남자,디자인직,서울
811,344690,15159,319,156,890,1966,여자,가사노동,서울
812,290714,10486,334,127,269,1977,여자,교육직,대구
813,280401,14976,252,101,366,1962,여자,서비스,경기
814,258036,9206,168,126,492,1969,남자,사무관리직,인천
815,2064176,59880,381,178,768,1959,남자,영업/마케팅,경기
816,202432,6509,345,105,160,1971,남자,사무관리직,경기
817,696349,26515,411,210,614,1974,남자,사무관리직,경기
818,680418,33476,514,141,1351,1989,여자,영업/마케팅,서울
819,459626,18346,463,188,1120,1970,남자,사무관리직,충청
820,405130,9655,141,121,36,1965,여자,서비스,경기
821,839895,26551,317,143,780,1984,남자,영업/마케팅,서울
822,383179,14473,141,107,256,1938,여자,사무관리직,서울
823,96600,4588,144,153,323,1969,남자,사무관리직,경기
824,185858,9369,272,144,462,1978,남자,사무관리직,경기
825,676228,30768,349,166,877,1984,남자,영업/마케팅,대전
826,313142,15643,148,121,14,1974,남자,무직/기타,광주
827,177146,11473,208,122,33,1948,여자,가사노동,서울
828,574757,20932,308,227,302,1972,남자,사무관리직,부산
829,205425,9233,198,113,32,1956,남자,자영업,대구
830,188268,8358,226,113,205,1969,여자,서비스,서울
831,510757,13712,137,105,116,1977,남자,무직/기타,경기
832,46270,2468,74,180,29,1983,여자,사무관리직,부산
833,571380,30720,381,109,723,1970,남자,사무관리직,경기
834,284435,15177,260,204,369,1970,남자,금융,경기
835,210880,6386,84,131,173,1988,여자,대학/대학원생,인천
836,419150,20353,524,146,1177,1982,남자,자영업,경기
837,95886,21437,32,113,28,1985,여자,사무관리직,충청
838,427823,24440,353,129,577,1973,남자,영업/마케팅,경기
839,330529,12276,175,176,477,1970,남자,자영업,경기
840,125683,3080,89,134,31,1957,남자,자영업,경상
841,249136,7220,269,106,282,1975,여자,무직/기타,경기
842,362991,14650,92,148,678,1976,여자,사무관리직,제주
843,751331,28007,345,192,823,1986,남자,사무관리직,경기
844,612958,14065,266,176,65,1974,남자,영업/마케팅,인천
845,344951,14489,264,125,902,1993,남자,대학/대학원생,서울
846,385661,18422,479,125,1111,1987,여자,디자인직,부산
847,462335,18625,369,124,1307,1984,남자,사무관리직,서울
848,417776,16465,187,117,358,1956,남자,무직/기타,서울
849,363922,15240,207,172,679,1984,여자,사무관리직,경상
850,447911,8005,192,178,61,1963,남자,서비스,경상
851,182607,7639,266,112,209,1989,여자,디자인직,경기
852,99788,4953,125,108,15,1975,여자,사무관리직,경기
853,158649,8736,332,124,319,1976,남자,사무관리직,경기
854,216245,6638,168,143,263,1970,남자,사무관리직,대구
855,317218,22633,404,168,1443,1985,여자,사무관리직,울산
856,560403,22845,318,153,2051,1979,남자,영업/마케팅,부산
857,210921,9621,281,102,291,1978,여자,가사노동,부산
858,1421414,45670,488,176,703,1956,남자,사무관리직,서울
859,155990,7892,145,106,370,1977,남자,무직/기타,울산
860,310316,12386,282,148,505,1965,여자,서비스,서울
861,238963,10574,265,125,207,1968,남자,사무관리직,경기
862,409948,27047,236,167,102,1962,여자,자영업,서울
863,216848,8602,79,113,47,1968,남자,공무원/경찰/군인,경기
864,259525,17505,278,153,954,1988,남자,사무관리직,경기
865,662870,27262,527,143,783,1971,남자,자영업,경상
866,441886,19545,315,103,1550,1981,남자,법률/세무,제주
867,196794,5625,92,146,50,1944,남자,사무관리직,경기
868,154222,4176,72,111,81,1973,남자,운송/운수,경기
869,384706,13186,226,167,281,1979,여자,사무관리직,전라
870,881042,29028,483,107,396,1977,남자,사무관리직,서울
871,659177,44834,388,203,1545,1980,남자,사무관리직,충청
872,274347,8367,94,128,41,1979,여자,가사노동,대구
873,76400,3497,109,169,9,1970,남자,전산직,전라
874,866368,53483,306,111,166,1975,여자,가사노동,광주
875,246211,11335,218,125,230,1978,여자,디자인직,광주
876,461613,18797,142,125,279,1970,여자,전산직,서울
877,65024,2909,55,142,55,1971,남자,서비스,경상
878,400655,18366,352,163,1021,1977,남자,공무원/경찰/군인,부산
879,402565,20110,416,143,290,1987,여자,디자인직,광주
880,358721,16920,143,145,33,1958,남자,공무원/경찰/군인,충청
881,278451,11529,220,134,7,1978,여자,서비스,충청
882,1819865,84850,293,174,205,1973,남자,사무관리직,서울
883,485142,20454,439,124,1766,1986,여자,디자인직,경상
884,361130,16973,316,109,334,1984,여자,가사노동,경기
885,129550,6293,159,127,608,1987,남자,대학/대학원생,경기
886,419935,15086,358,105,566,1975,남자,영업/마케팅,부산
887,214917,10040,137,137,348,1980,남자,방송/예술/스포츠,경상
888,854878,23637,285,207,489,1965,남자,무직/기타,경기
889,508758,21185,394,108,77,1973,남자,전산직,강원
890,1037430,65362,276,219,1322,1989,남자,대학/대학원생,경기
891,536394,27457,549,188,1693,1986,여자,사무관리직,인천
892,743243,25206,477,141,2639,1980,남자,사무관리직,경기
893,520622,29773,312,135,1176,1977,여자,사무관리직,서울
894,517115,19488,286,113,1237,1991,여자,대학/대학원생,대전
895,2250626,81148,451,193,821,1971,남자,영업/마케팅,서울
896,482171,32233,463,103,1049,1974,남자,영업/마케팅,서울
897,688789,46435,362,149,2297,1984,여자,사무관리직,서울
898,348301,16576,334,188,183,1979,여자,사무관리직,충청
899,390478,13789,264,163,342,1977,남자,자영업,부산
900,1356713,35502,308,191,168,1962,남자,디자인직,대구
901,151029,11463,241,104,341,1975,남자,사무관리직,충청
902,123889,8069,275,149,495,1993,남자,연구직,경상
903,227767,6254,190,109,12,1957,남자,교육직,강원
904,867384,21706,267,141,19,1967,남자,사무관리직,경기
905,243092,9967,238,197,610,1981,남자,디자인직,부산
906,798037,16238,280,139,421,1985,남자,서비스,경기
907,395202,37802,390,194,283,1971,여자,디자인직,서울
908,544210,18698,177,157,222,1968,여자,디자인직,부산
909,244270,9534,236,149,564,1978,남자,사무관리직,부산
910,220058,7080,243,154,126,1971,남자,영업/마케팅,인천
911,1136000,39186,529,193,1350,1949,남자,농/수/축/임업,전라
912,242539,9548,191,152,489,1980,남자,사무관리직,대구
913,558399,30102,617,205,1298,1976,여자,사무관리직,서울
914,237350,7498,225,186,335,1983,여자,사무관리직,인천
915,608307,17249,187,225,130,1981,여자,방송/예술/스포츠,부산
916,517241,24544,380,105,1172,1980,남자,사무관리직,대구
917,395178,14861,252,151,209,1978,남자,생산기술,경상
918,276365,21004,337,100,1921,1984,남자,무직/기타,부산
919,154971,8514,240,123,602,1985,남자,대학/대학원생,부산
920,775164,19414,241,210,472,1964,남자,자영업,경기
921,389783,15400,302,143,776,1979,남자,무직/기타,경기
922,373529,11608,252,191,763,1958,남자,자영업,인천
923,313458,17654,291,101,816,1983,남자,영업/마케팅,서울
924,1114044,45978,425,125,821,1972,여자,사무관리직,서울
925,263565,5920,241,119,467,1983,남자,사무관리직,대구
926,303268,11543,318,130,513,1983,남자,영업/마케팅,경기
927,229617,7360,168,144,245,1976,남자,연구직,대구
928,398557,16153,281,132,436,1983,남자,교육직,대구
929,618269,24272,536,158,1474,1975,남자,자영업,인천
930,138598,10350,141,118,353,1977,남자,사무관리직,서울
931,1279846,61711,302,138,439,1976,여자,사무관리직,대구
932,401902,9106,235,120,242,1966,남자,자영업,대구
933,267118,8570,173,125,373,1962,남자,사무관리직,경상
934,544501,24773,164,140,442,1984,남자,영업/마케팅,서울
935,82712,2609,85,122,170,1977,남자,공무원/경찰/군인,경상
936,386274,20608,323,117,1183,1986,남자,무직/기타,서울
937,2004085,81399,499,169,1026,1976,남자,디자인직,대전
938,407436,13740,180,105,200,1948,남자,사무관리직,서울
939,944947,45505,508,247,464,1960,여자,생산기술,경상
940,179579,7526,241,102,647,1984,남자,영업/마케팅,경기
941,1266863,52421,350,194,366,1959,남자,무직/기타,경기
942,573626,11349,285,119,344,1987,남자,영업/마케팅,서울
943,743389,42030,298,188,13,1967,여자,무직/기타,서울
944,888397,44158,143,318,301,1960,여자,서비스,인천
945,558350,38710,415,198,1208,1978,남자,무직/기타,경기
946,451493,19107,313,162,230,1963,여자,교육직,경기
947,224642,9956,206,104,238,1979,여자,무직/기타,경기
948,770330,24896,362,198,801,1972,여자,사무관리직,서울
949,496496,30072,394,103,527,1986,여자,영업/마케팅,서울
950,240321,6363,221,262,119,1943,남자,무직/기타,경기
951,57969,3177,115,79,221,1992,여자,사무관리직,인천
952,449148,21955,376,105,154,1987,여자,사무관리직,경기
953,248532,16995,229,176,37,1934,남자,무직/기타,충청
954,957084,40850,273,173,747,1983,남자,사무관리직,서울
955,346584,13303,139,141,57,1954,남자,사무관리직,경기
956,619645,14725,270,140,149,1971,여자,무직/기타,서울
957,176724,6237,82,111,71,1969,여자,무직/기타,서울
958,418388,27051,363,139,100,1975,남자,영업/마케팅,광주
959,47424,1324,92,46,73,1985,남자,대학/대학원생,대구
960,519266,15767,298,111,717,1976,남자,자영업,경기
961,363167,25729,414,173,1599,1985,남자,사무관리직,서울
962,60181,2984,50,120,78,1974,여자,서비스,부산
963,302099,22648,302,103,477,1981,남자,운송/운수,대전
964,162980,6156,168,113,244,1979,여자,사무관리직,부산
965,485214,20934,401,117,98,1941,여자,사무관리직,서울
966,99296,3050,135,110,106,1959,남자,자영업,인천
967,478287,23279,556,235,794,1983,여자,디자인직,인천
968,125880,3155,104,119,193,1978,여자,교육직,경기
969,465521,26123,345,128,445,1972,남자,사무관리직,제주
970,424907,22947,417,102,1994,1969,남자,사무관리직,경기
971,414797,16721,399,130,1441,1986,여자,서비스,경기
972,88778,3567,113,107,21,1972,여자,영업/마케팅,서울
973,133827,6754,104,139,219,1981,여자,사무관리직,부산
974,568125,21499,182,182,315,1979,남자,사무관리직,인천
975,1098624,59881,436,135,1248,1983,남자,사무관리직,서울
976,71077,3067,61,108,17,1972,남자,무직/기타,경기
977,836465,53813,811,144,1861,1983,남자,연구직,서울
978,123200,5409,164,104,262,1982,남자,금융,강원
979,217132,9477,143,135,42,1963,남자,사무관리직,부산
980,33073,1883,47,267,4,1968,여자,의료,강원
981,230813,8228,196,117,373,1965,남자,디자인직,대전
982,100669,5405,121,168,67,1961,여자,교육직,서울
983,248272,13514,207,106,560,1981,남자,사무관리직,경기
984,337272,12696,197,149,241,1961,남자,서비스,서울
985,370498,16684,412,119,1432,1977,여자,영업/마케팅,부산
986,1163473,35087,460,157,552,1976,남자,사무관리직,경기
987,622459,13633,261,251,521,1961,남자,교육직,인천
988,208253,8439,107,99,289,1989,여자,서비스,경기
989,827965,36113,324,105,67,1979,여자,사무관리직,서울
990,431144,21929,325,105,300,1978,남자,교육직,경상
991,668160,22170,346,101,265,1971,여자,사무관리직,서울
992,338597,12833,252,112,123,1980,여자,사무관리직,경기
993,246123,6855,260,99,182,1981,남자,사무관리직,경기
994,351729,13174,219,151,346,1976,여자,무직/기타,부산
995,367850,12949,238,106,376,1969,여자,사무관리직,서울
996,425960,23839,383,165,635,1979,여자,사무관리직,경기
997,165975,7411,121,123,143,1977,남자,사무관리직,경기
998,343942,17086,319,163,419,1971,남자,사무관리직,대전
999,156515,5281,117,116,14,1968,여자,교육직,제주
1000,1048746,25761,423,202,595,1968,여자,영업/마케팅,서울
